{"BMI": {"LL": 13.909999999999998, "UL": 42.39}, "CLINICALSIZEmm": {"LL": -8.0, "UL": 72.0}, "PREOPHB": {"LL": 9.75, "UL": 18.15}, "PREOPHT": {"LL": 29.03749999999999, "UL": 53.73750000000001}, "PREOPWBC": {"LL": 1525.0, "UL": 12845.0}, "PREOPCREAT": {"LL": 0.29999999999999993, "UL": 1.58}, "PREOPEGFR": {"LL": 22.140000000000008, "UL": 136.46}}