{"BMI": {"LL": 13.899999999999997, "UL": 42.38}, "CLINICALSIZEmm": {"LL": -8.0, "UL": 72.0}, "PREOPHB": {"LL": 9.75, "UL": 18.15}, "PREOPHT": {"LL": 28.999999999999993, "UL": 53.800000000000004}, "PREOPWBC": {"LL": 1525.0, "UL": 12845.0}, "PREOPCREAT": {"LL": 0.29999999999999993, "UL": 1.58}, "PREOPEGFR": {"LL": 22.104999999999983, "UL": 136.50500000000002}}