{"BMI": {"LL": 13.740000000000002, "UL": 42.62}, "CLINICALSIZEmm": {"LL": -8.0, "UL": 72.0}, "PREOPHB": {"LL": 9.75, "UL": 18.15}, "PREOPHT": {"LL": 28.999999999999993, "UL": 53.800000000000004}, "PREOPWBC": {"LL": 1440.0, "UL": 12800.0}, "PREOPCREAT": {"LL": 0.29999999999999993, "UL": 1.58}, "PREOPEGFR": {"LL": 22.85552678498027, "UL": 135.7894249037853}}