{"BMI": {"LL": 13.830000000000002, "UL": 42.55}, "CLINICALSIZEmm": {"LL": -8.0, "UL": 72.0}, "PREOPHB": {"LL": 9.600000000000001, "UL": 18.4}, "PREOPHT": {"LL": 29.45, "UL": 53.85000000000001}, "PREOPWBC": {"LL": 1710.0, "UL": 12350.0}, "PREOPCREAT": {"LL": 0.29999999999999993, "UL": 1.58}, "PREOPEGFR": {"LL": 22.114999999999995, "UL": 136.47500000000002}}