{"BMI": {"LL": 13.830000000000002, "UL": 42.55}, "CLINICALSIZEmm": {"LL": -8.0, "UL": 72.0}, "PREOPHB": {"LL": 9.75, "UL": 18.15}, "PREOPHT": {"LL": 29.099999999999994, "UL": 53.900000000000006}, "PREOPWBC": {"LL": 1467.75, "UL": 12753.75}, "PREOPCREAT": {"LL": 0.29999999999999993, "UL": 1.58}, "PREOPEGFR": {"LL": 22.510346044147354, "UL": 135.98275659308774}}